שם פרויקט,מספר פרויקט,סטטוס
11/2015 א.ת אבשלום - הקמת מבנה שאיבה וגידור,311115,הסתיים
13/2015 א.ת.נ.ע.מ - פיתוח ומעגלי תנועה,311315,הסתיים
15/2015 א.ת.נ.ע.מ - שלב ג',311515,הסתיים
166494 מ.א שדות נגב - פיתוח ושידרוג א.ת שדות נגב,316494,הסתיים
1858/13 שמעה - מכון טיהור שפכים,311858,הסתיים
1865/14 א.ת קרית גת - שיקום רחובות אלול ותמוז,311865,הסתיים
1895/16 א.ת רהט - שילוט רחובות,311895,הסתיים
2 כיתות גן ילדים בגבעת  עדה,3895,הסתיים
200 יח'ד - הוד השרון – הכשרת הישוב,258,הסתיים
30/2013 א.ת.נ.ע.מ  - תחנת שאיבה,313013,הסתיים
"31 יח""ד בשכונת כבביר בחיפה",3874,הסתיים
50 תחנות מטרונית - הנדסה אזרחית,3936,הסתיים
7/2016 א.ת עמק שרה - שידרוג תשתיות בשלב ד',310616,הסתיים
72/2017 א.ת ירוחם - א.ת תעשיה קלה שלב ב' מזרחי,317217,הסתיים
85133-10 א.ת שגב שלום - שלב פיתוח מגרשים 134+13,315133,הסתיים
85210/15 א.ת ירוחם - השלמות פיתוח בא.ת קיים,315210,הסתיים
85309-17 צומת להבים - השלמת פיתוח,310001,הסתיים
85410/17 א.ת מצפה רמון -עבודות פיתוח ותשתיות שלב ב,315410,הסתיים
B2 בנין,238,הסתיים
G יבנה,679,הסתיים
G כפר סבא,545,הסתיים
G ראשון לציון,698,הסתיים
"G2 ראשל""צ",1129,הסתיים
IBM - פארק אזורים,274,הסתיים
IBM בנין,229,הסתיים
Time Tower,542,הסתיים
"TRIPLEC - פ""ת",328,הסתיים
UPS,480,הסתיים
W Tower,454,הסתיים
W פריים,657,הסתיים
YBOX,7049,הסתיים
"א א פאחם - ביה""ס",215,הסתיים
א א פאחם - שכונת בנה ביתך,201,הסתיים
א א פאחם - שכנת אל דהר,233,הסתיים
"א.ת גורן עבודות פיתוח, גינון והשלמת צמחיה - 4/202",306906,הסתיים
א.ת מעלות כביש חיבור א.ת לרח' חרושת,3154,הסתיים
"א.ת עילבון, זרזיר, עיכסל",3155,הסתיים
א.ת ערוער,5145,הסתיים
א.ת קצרין - עבודות פיתוח - 01/2021,306905,הסתיים
א.ת. אום אל פחם,3149,הסתיים
א.ת. אלון תבור ,3140,הסתיים
א.ת. בר לב,3142,הסתיים
א.ת. דלתון,3141,הסתיים
א.ת. חצור הגלילית,3203,הסתיים
א.ת. טבריה,3152,הסתיים
"א.ת. מג'אר, ירכא, ג'וליס, אבו סנאן",3150,הסתיים
א.ת. עילוט,3137,הסתיים
א.ת. עפולה,3146,הסתיים
א.ת. צ.ח.ר,3147,הסתיים
א.ת. קרית שמונה,3151,הסתיים
א.ת. שער הנגב,5167,הסתיים
א.ת.דיר חנא,3204,הסתיים
א.ת.כיסרא סמיע - פקיעין,3208,הסתיים
"א.ת.מעלות, כבישים 3,4,5,6",3189,הסתיים
א.ת.נצרת,3197,הסתיים
א.ת.קורן מעלות,3138,הסתיים
א.ת.שפרעם - כביש גישה דרומי,3210,הסתיים
אבא אבן 19,1021,הסתיים
אבגול - דימונה,5192,הסתיים
אבו סנאן - 515,30515,הסתיים
"אבו קרינאת - גינון, השקיה וקיר 08/2018",317219,הסתיים
אביב ממוזג,595,הסתיים
אבן  יהודה - חב' מישורים,195,הסתיים
אבן ספיר,234,הסתיים
אגד - ירושלים,244,הסתיים
אגד - מכללים,237,הסתיים
אגף קדמה (כנסת),4234,הסתיים
אדם מזרח,4352,הסתיים
אודיטורים בית התותחן,317,הסתיים
אולם ביתנו יפה נוף,3674,הסתיים
אולם ספורט - אום אל פאחם,3317,הסתיים
אולם ספורט אגמים - אשקלון,5128,הסתיים
"אולם ספורט בי""ס הבונים",3635,הסתיים
"אולם ספורט בי""ס הבונים - טיפול אקוסטי",3834,הסתיים
"אולם ספורט בי""ס שיזף",3634,הסתיים
אולם ספורט ביאנוח,3653,הסתיים
"אולם ספורט ביה""ס יגור",3665,הסתיים
"אולם ספורט ביה""ס עירוני א'",3654,הסתיים
אולם ספורט בית ספר אחווה - דימונה,5033,הסתיים
אולם ספורט בנופית,3818,הסתיים
אולם ספורט רמת אלון,3604,הסתיים
אולם ספורטוטו - מקיף ה' אשקלון,5089,הסתיים
אולם תצוגה - תל אביב,1046,הסתיים
אולם תצוגה לקסוס ירושלים,4365,הסתיים
אולם תצוגה מבנה דנילוף בטבריה,3997,הסתיים
אולמות שמחות,349,הסתיים
אום אל פאחם,179,הסתיים
אום אל פאחם - אולם ספורט,193,הסתיים
אום אל פאחם - אשכולות פיס,188,הסתיים
אום אל פאחם שכונת אל באטן,3330,הסתיים
"אום אל פחם - השלמת אז""ת 1865/14/11",30445,הסתיים
"אום בטין- ע""ע שלב א'  5-2020",317224,הסתיים
"אומדן עלויות – פיתוח שכונה כ""ג",3857,הסתיים
אונטוקולסקי,533,הסתיים
אוניברסיטת בר אילן - מבנה חינוך,516,הסתיים
אופוטושו תל אביב,939,הסתיים
אופקים - עבודות עפר בא.ת שקד,317220,הסתיים
אושן חדרה,3864,הסתיים
"אזה""ת רכבת בנימינה",3380,הסתיים
אזור תעשיה אופקים,5066,הסתיים
אזור תעשיה שוהם,3766,הסתיים
אחוזת בית,579,הסתיים
אחוזת גני העיר,3632,הסתיים
אחזקה כוללת מרחב צפון,3924,הסתיים
אחזקת שבר כביש 4,3860,הסתיים
אחיסמך - דיור למעשה,722,הסתיים
אחיסמך - ועד הדיור,652,הסתיים
"אחיסמך - תב""ע",757,הסתיים
"איינשטיין תב""ע מחוזית",523,הסתיים
איכילוב - מעונות צוות,7074,הסתיים
אין פרויקט,212,הסתיים
איקאה,468,הסתיים
איקאה נתניה,697,הסתיים
אלון תבור - השלמת עבודות פיתוח 39/2013,30421,הסתיים
"אלון תבור - קיר תומך מדרון, כבישים ופיתוח 2/2016",30524,הסתיים
"אלוני ים - תב""ע",937,הסתיים
אליפלט,888,הסתיים
אלישרא חולון,760,הסתיים
אלנבי 115,746,הסתיים
אלנבי 120,637,הסתיים
"אלנבי 74 ת""א מגורים ומסחר",395,הסתיים
אלעד מזור – ערים,118,הסתיים
אלעד שלב ב' – משהב'ש,156,הסתיים
אלקו רמת השרון,378,הסתיים
אלרם,265,הסתיים
אם סיסטמס,515,הסתיים
אמדן ראשוני א.ת. שהם,3822,הסתיים
אמדנים,3757,הסתיים
אמדנים לפרויקטים,3737,הסתיים
אמות אטריום,563,הסתיים
אמות קרית אריה,549,הסתיים
אמירי זכרון,3702,הסתיים
אמישראגז,123,הסתיים
אסותא,748,הסתיים
אפלייד B ייצור,334,הסתיים
ארלוזרוב 17,707,הסתיים
ארמון ההגמון,387,הסתיים
ארנסט אנד יאנג,837,הסתיים
"אשדוד - 146 י'""ד - שיכון עובדים",207,הסתיים
אשדוד - 170 יחי'ד,164,הסתיים
"אשדוד - 50 יח""ד ",168,הסתיים
אשדוד - בית אבות,186,הסתיים
אשדוד - נווה השמש,165,הסתיים
אשדוד - עיריה,113,הסתיים
אשדוד י',106,הסתיים
אשדוד כביש 3922,693,הסתיים
אשכולות פיס - אום אל פאחם,3314,הסתיים
באר אורה,625,הסתיים
"באר יעקב - פיתוח 200 יח""ד",199,הסתיים
באר יעקב - שיפוצים,202,הסתיים
בדיקת חשבונות ביצוע שיפוצים - משרד החינוך,4354,הסתיים
בדיקת מבנה יהלום,514,הסתיים
"בה""ס גיל",3695,הסתיים
בודפשט ,4306,הסתיים
בוטיק הנביאים ירושלים,7012,הסתיים
בועיינה נוג'ידאת 688/502,3153,הסתיים
בורסת היהלומים,490,הסתיים
בוררות רם שם/אגרוטופ,5124,הסתיים
בזלת טבריה,478,הסתיים
"בי""ח באר יעקב",136,הסתיים
"בי""ח נס ציונה",137,הסתיים
"בי""ח נס ציונה - בי'ס",220,הסתיים
"בי""ח נס ציונה - מח' ילדים",182,הסתיים
"בי""ח נס ציונה - תכנית אב",194,הסתיים
"בי""ס  אזורי יגור  - בנין",3199,הסתיים
"בי""ס אבן חלדון - רהט",5094,הסתיים
"בי""ס אזורי יגור - עבודות מ""א",3200,הסתיים
"בי""ס איזורי יגור - בניין C",3608,הסתיים
"בי""ס אלמוטנבי - יפה נוף",3627,הסתיים
"בי""ס אשכולות בנימינה",3383,הסתיים
"בי""ס באיבטין",3866,הסתיים
"בי""ס הגליל בנהריה",3720,הסתיים
"בי""ס הדר המושבות פ""ת",431,הסתיים
"בי""ס החיטה בזכרון יעקב",3725,הסתיים
"בי""ס זרעוניה בבנימינה",3424,הסתיים
"בי""ס יאנוח בי""ס יסודי",3643,הסתיים
"בי""ס יסודי - מעגן מיכאל",3791,הסתיים
"בי""ס יסודי בקיסריה",3852,הסתיים
"בי""ס כרמל - הנגשה אקוסטי",3869,הסתיים
"בי""ס כרמל - כיתה יבולה",3871,הסתיים
"בי""ס כרמל - כיתת מב""ר",3870,הסתיים
"בי""ס כרמל - קפיטריה",3188,הסתיים
"בי""ס מעגנים",3827,הסתיים
"בי""ס נוה פרדסים - פ""ח",3343,הסתיים
"בי""ס נווה פרדסים - חכ""ל פרדס חנה",211,הסתיים
"בי""ס נופים - תוספת כיתה",3793,הסתיים
"בי""ס נופים - תוספת כיתה שניה",3821,הסתיים
"בי""ס נופית - הנגשה אקוסטי",3872,הסתיים
"בי""ס ניל""י בזכרון יעקב",3726,הסתיים
"בי""ס ניצני זבולון",3858,הסתיים
"בי""ס עופר (יפה נוף)",3675,הסתיים
"בי""ס עין ג'ראר - א.א פחם",3347,הסתיים
"בי""ס פרחי הדר - חכ""ל פרדס חנה",210,הסתיים
"בי""ס קישון  ברמת דוד",3201,הסתיים
"בי""ס קציר - תוס' + מועדון כושר",3311,הסתיים
"בי""ס תל חי בניין חדש",3620,הסתיים
ביג - אמריקן איגל,5093,הסתיים
ביג באר-שבע,5061,הסתיים
ביג בנצרת,3709,הסתיים
ביג טבריה,3888,הסתיים
ביג נצרת שלב ב',3939,הסתיים
ביג סיטונאות חשמל,3833,הסתיים
ביג קרית גת,5005,הסתיים
ביג רגבה,3786,הסתיים
"ביה""ס אורט שומרון",3387,הסתיים
"ביה""ס בהושעיה",3636,הסתיים
"ביה""ס בנופית - שיפוץ",3622,הסתיים
"ביה""ס בשמשית",3640,הסתיים
"ביה""ס גבע",3953,הסתיים
"ביה""ס גינגר",3697,הסתיים
"ביה""ס הדר - פ""ת",539,הסתיים
"ביה""ס הפתוח בנווה שאנן - תוספת אגף",3989,הסתיים
"ביה""ס חב""ד בנצרת עילית",3922,הסתיים
"ביה""ס חינוך מיוחד קישון בקיבוץ רמת דוד",3656,הסתיים
"ביה""ס יאנוח חטיבה ב'",3650,הסתיים
"ביה""ס יבנה",3759,הסתיים
"ביה""ס יבנה - איטום פרמידות",3820,הסתיים
"ביה""ס ממ""ד קרית שמואל  ח.10700/18",3911,הסתיים
"ביה""ס מנשיה זבדה, שלב ב'",3666,הסתיים
"ביה""ס קורצ'אק",3610,הסתיים
"ביה""ס רמת אלון - שלב ג'",3704,הסתיים
"ביה""ס שלווה",3615,הסתיים
"ביה""ס תל חי חידוש",3611,הסתיים
"ביה""ס תל-חי מחונות העולים",3701,הסתיים
ביופארם ציפורית,1051,הסתיים
בי'ח נס ציונה - אוטיסטים,144,הסתיים
"ביכורים 17, חיפה",3804,הסתיים
ביקל רעננה,1040,הסתיים
בית אבוחצירא,5163,הסתיים
בית אבות מתחם פיק,388,הסתיים
בית אמירה,3794,הסתיים
בית אשל - מרכז מסחרי,5030,הסתיים
בית בלב - דיור מוגן ,7025,הסתיים
בית גוטסמן,135,הסתיים
בית גזית שחם,7023,הסתיים
בית האיכרים,530,הסתיים
בית הכנסת הגדול,3760,הסתיים
בית הכרם,3420,הסתיים
בית הכרם ש/576 (בנימינה),3410,הסתיים
בית המילניום,566,הסתיים
"בית המשפט ת""א",421,הסתיים
בית הצדף – יפו,173,הסתיים
בית השנטי,663,הסתיים
בית טובי העיר ירושלים,894,הסתיים
בית טלקאר,567,הסתיים
"בית יד לבנים פ""ח",3355,הסתיים
בית כהן - צומת גהה,222,הסתיים
בית כלל,772,הסתיים
בית כנסת ומקווה - רמת בית הכרם,4324,הסתיים
בית כנסת כרמים,5136,הסתיים
בית לחם הגלילית,3658,הסתיים
בית לקסוס פתח תקוה,818,הסתיים
בית מיטרלי,769,הסתיים
בית מלאכה,3815,הסתיים
בית מנורה,708,הסתיים
בית מנורה מדידת כמויות,7009,הסתיים
בית מנורה תאום מערכות,7008,הסתיים
בית מנצור,874,הסתיים
בית משפט,3672,הסתיים
בית נועם,787,הסתיים
"בית ניר פ""ת",439,הסתיים
בית ספר גבריאלי - פיתוח,3813,הסתיים
בית ספר זרעוניה - תוספת כיתה,3810,הסתיים
בית ספר למשחק - תאטרון אפיקים,5031,הסתיים
"בית ספר עמ""י - בנית אולם",3812,הסתיים
בית ספר צין - קרית חינוך שדה בוקר,5028,הסתיים
בית עזרא ,310,הסתיים
"בית עלמין ""מנוחה נכונה"" בקריית טבעון",3969,הסתיים
בית עלמין משגב,3768,הסתיים
בית עלמין נהריה,3799,הסתיים
בית קריסטל - בית קפה בלובי,835,הסתיים
בית קריסטל - הוספת יחידות אל-פסק וגיבוי,813,הסתיים
בית קריסטל - החלפת צ'ילרים,791,הסתיים
בית קריסטל - הנגשה,789,הסתיים
בית קריסטל - חיזוק גלריה,794,הסתיים
בית קריסטל - עבודות גמר בשטחי שוכרים,795,הסתיים
בית קריסטל - עבודות גמר בשטחים ציבוריים,790,הסתיים
בית קריסטל - פיתוח חוץ,847,הסתיים
בית קריסטל - שדרוג חניון,792,הסתיים
בית קריסטל - שדרוג מעליות,793,הסתיים
בית קריסטל - שיפוץ חדרי שירותים בקומות קיימות,788,הסתיים
בית קריסטל - שערים חשמליים בלוביים,823,הסתיים
בית קריסטל - תאורת חוץ,846,הסתיים
בית קריסטל - תוספת קומות,636,הסתיים
בית קריקטוריסטים - חולון,459,הסתיים
בית ראשונים,1104,הסתיים
"בית רם פ""ת",503,הסתיים
"בית רשות העתיקות - הרל""י",297,הסתיים
בית שאן - מרכז יום לקשיש,3733,הסתיים
"בית שמש 40 יח""ד",4363,הסתיים
בית שערים מועדון,3667,הסתיים
בניין כלל A,4220,הסתיים
בניין עיריה טירת הכרמל,3641,הסתיים
בניין עירית אום אל פחם,3376,הסתיים
בניית אשכול גנים ומבנה טיפת חלב בשכונת בנימין,3986,הסתיים
בנימינה,3425,הסתיים
"בנימינה - ביה""ס אמירים שלב ג'",3900,הסתיים
בנימינה גן מועדון להבה,3409,הסתיים
"בנין הסתדרות  - ת""א",183,הסתיים
בנין מבקר המדינה ירושלים,732,הסתיים
בנין שחם - שסטוביץ,228,הסתיים
בנית חדרי טרפו,3781,הסתיים
בנק החקלאות,702,הסתיים
בנק הספנות,108,הסתיים
בנק חקלאות מגורים,987,הסתיים
בנק רוטשילד,597,הסתיים
בעלי המלאכה,956,הסתיים
בקרת גשרים,554,הסתיים
"בר כוכבא - פ""ת",346,הסתיים
בר כוכבא 12,882,הסתיים
ברגרקינג עפולה,3802,הסתיים
ברכת בשמשית,3692,הסתיים
בתי ספר - חב' למשק וכלכלה,142,הסתיים
בתי ספר - עבודות מיזוג אויר,3780,הסתיים
"בתי ספר שילה + מרחבים פ""ח",3340,הסתיים
בתי קולנוע מודיעין,460,הסתיים
גב ים,134,הסתיים
גב ים חולון,526,הסתיים
"גבעת האנטנה 216 יח""ד",4335,הסתיים
"גבעת האנטנה 216 יח""ד- מסירות",6335,הסתיים
גבעת הארמון נצרת,3678,הסתיים
גבעת הפועל - בנימינה,3405,הסתיים
גבעת התחמושת,4318,הסתיים
גבעת עדה,3421,הסתיים
גבעת פרדיס,3359,הסתיים
"גבעת שאול 70 יח""ד",4292,הסתיים
גבעתיים סיטי,520,הסתיים
גבעתיים סיטי בנין 2,650,הסתיים
גדר הפרדה - משרד הביטחון,379,הסתיים
גולדן מארקט קניון הזהב,890,הסתיים
ג'ורדן ואלי,3862,הסתיים
גורן - 458,30458,הסתיים
גזית אחד ראשלצ,942,הסתיים
גל-ים,623,הסתיים
גן החלומות ,1050,הסתיים
גן העיר,5098,הסתיים
גן חובה בנופית,3873,הסתיים
גן ילדים איבטין,3681,הסתיים
גן ילדים איבטין,3785,הסתיים
גן ילדים ביאנוח שלב ב' חלקה 103,3657,הסתיים
גן ילדים בעין הוד,3847,הסתיים
גן ילדים ברכסים צוהר לטוהר,3942,הסתיים
גן ילדים גבעת עדה,3392,הסתיים
גן ילדים דו כיתתי - דימונה,5043,הסתיים
גן ילדים זרעוניה,3419,הסתיים
גן ילדים חוואלד,3696,הסתיים
גן ילדים חרמון - יקנעם,3169,הסתיים
גן ילדים יאנוח,3648,הסתיים
גן ילדים יאנוח שלב ב' שכונת חיילים משוחררים,3664,הסתיים
גן ילדים מנשיה זאבדה,3659,הסתיים
גן ילדים נופית,3612,הסתיים
גן ילדים שמשית,3660,הסתיים
גן ילדים תלת כיתתי יקנעם,3732,הסתיים
גן מרכזי רמת חן,3769,הסתיים
"גנ""י יפה נוף - פ""ח",3341,הסתיים
"גנדן  - פ""ת 2003/4",352,הסתיים
"גנדן נדל""ן - כללי",280,הסתיים
גנדן נדלן -  רעננה מגרש מערב',313,הסתיים
גנדן נדלן - רעננה מגרש מזרחי,296,הסתיים
גני אלכסנדר,5079,הסתיים
גני בנימינה,3403,הסתיים
גני טל - מ מ בני עייש,130,הסתיים
"גני ילדים ""נסאו""",3751,הסתיים
גני ילדים באר שבע,5125,הסתיים
גני תקוה - מרכז ספורט,469,הסתיים
גני תקוה מגרש 1,797,הסתיים
גני תקווה - הסכם פיתוח,293,הסתיים
גפן קרסו  פתח תקווה,1020,הסתיים
גשר 129 רכבת ישראל,1031,הסתיים
"גשר בי""ס דינור",3828,הסתיים
גשר השלושה,755,הסתיים
גשר יד לבנים,3624,הסתיים
"גשר מעבר ב""ס יבנה",3689,הסתיים
גשר רושמייה,3669,הסתיים
דג'ורנו סנטר - מתחם בית אשל,5114,הסתיים
"דגניה הנשיא, כרכור",3384,הסתיים
דוברת כרמיאל,3727,הסתיים
דיור להשכרה - הרצליה,833,הסתיים
דיור מוגן - קומה תומכת,5060,הסתיים
דירות מאייר,878,הסתיים
"דליית אל כרמל - פיתוח אז""ת קיים 1136/2016",306887,הסתיים
"דלתון - השלמת פיתוח + ת""ש מרכזית לביוב 8231/14",30439,הסתיים
דפנה - ארלוזורוב,582,הסתיים
דפנה - נווה גד,884,הסתיים
האוזנר 3,991,הסתיים
האנגר בנשר,3831,הסתיים
האנגר בנשר,3832,הסתיים
האנגר תעשייה אווירית דרום,5195,הסתיים
האנגר תעשייה אווירית דרום - תקציב יועצים,5196,הסתיים
הגדוד העברי - ברודצקי ק. חיים,3863,הסתיים
הגן הטכנולוגי - מנורה,849,הסתיים
הדסה - הר הצופים,4294,הסתיים
הדסה - עין כרם,437,הסתיים
הדסה - עין כרם,4302,הסתיים
הדסה הר הצופים - אורטופדיה,409,הסתיים
הדסה הר הצופים - אישפוז יום ילדים,411,הסתיים
הדסה הר הצופים - פגיה + מעבדות,410,הסתיים
הדסה הר הצופים- הוספיס,408,הסתיים
"הוד השרון 1,200",449,הסתיים
הוד השרון 205,777,הסתיים
הוד השרון מגרש 101,875,הסתיים
הוד השרון מגרש 202,736,הסתיים
"הוצל""פ אשקלון",5085,הסתיים
הושעיה שלב ה',3639,הסתיים
"החלפת גג אסבסט ביה""ס ניצני זבולון",3920,הסתיים
היי פארק – עפולה,3903,הסתיים
"הלמ""ס",602,הסתיים
המבואה המזרחית,5090,הסתיים
המנופים 6 הרצליה,935,הסתיים
המסגר 30,659,הסתיים
הנגשת תחנת אוטובוס - רהט,5105,הסתיים
"הסדרת כביש 6403 ק""מ 16-19",3938,הסתיים
הסדרת מדרכות כפר ביאליק,3662,הסתיים
הסרת סכנה במבנים,3717,הסתיים
הפרדה מפלסית 722,3891,הסתיים
הקמת מגרש ספורט משולב בנימינה,3389,הסתיים
הקמת מפעל מטס בתרדיון,3978,הסתיים
הר חומה,326,הסתיים
הר חומה ,277,הסתיים
הר חומה - שלב ג',381,הסתיים
הר חומה - שלב ד' וכביש מחדר,382,הסתיים
הר חומה מוסדות ציבור,267,הסתיים
הר חוצבים - י-ם,358,הסתיים
הר טוב 60 - ביצוע,1115,הסתיים
הראל עבודות קטנות,619,הסתיים
הרחבה - קיבוץ שובל,5109,הסתיים
הרחבה בעין יהב,5077,הסתיים
הרחבה ניר דוד,3713,הסתיים
הרחבת כביש גבעת עדה,3417,הסתיים
"הרחבת כביש מס' 77 - מע""צ",3722,הסתיים
הרחבת מושב הבונים,3772,הסתיים
הרחבת מפעל דולב,5036,הסתיים
הרחבת מפעל דולב 2,5032,הסתיים
הרחבת מפעל דולב 3,5082,הסתיים
הרחבת מתחם וואן פלאזה,5078,הסתיים
הרחבת קיבוץ בית רימון,3715,הסתיים
הרחבת קיבוץ כרמים - תשתיות,5100,הסתיים
הרחבת קיבוץ ניצנים - תשתיות,5073,הסתיים
הרחבת קמטק,3743,הסתיים
הרחבת קניון גזית כפר סבא,995,הסתיים
הרצליה - מטווח,115,הסתיים
הרצליה - מרכז התחבורה ,227,הסתיים
השדרה השביעית,457,הסתיים
"השלמת חוו""ד בתיק עת""מ 4033/07",3902,הסתיים
השלמת כביש כניסה  1002/2013,30424,הסתיים
ואדי מילק,3416,הסתיים
ואדי ניסנס,3619,הסתיים
ואדי סאליב – רובע אומנים,3880,הסתיים
וילה דורי,7003,הסתיים
וקסמן-קולקר חב' לתכנון בירושלים - דניה - חיפה,289,הסתיים
וקסמן-קולקר חב' לתכנון בירושלים - הר חומה,290,הסתיים
וקסמן-קולקר חב' לתכנון בירושלים - חצור שטח 1,285,הסתיים
וקסמן-קולקר חב' לתכנון בירושלים - חצור שטח 6,286,הסתיים
וקסמן-קולקר חב' לתכנון בירושלים - חצור שטח 9,287,הסתיים
וקסמן-קולקר חב' לתכנון בירושלים - מעלה אדומים,320,הסתיים
ורד גבעתיים - בית פלאפון,152,הסתיים
ז'בוטינסקי 105,559,הסתיים
ח.ל.ת - נ.ק.ז,312,הסתיים
חברת חשמל,4337,הסתיים
חדרה – שכונה חדשה,223,הסתיים
"חו""ד מ.מ. בנימינה נגד דן ארנולד             ",3835,הסתיים
"חו""ד פגיעה בריצוף גדיש ועינב",3736,הסתיים
"חו""ל כללי",6000,הסתיים
"חוו""ד גליל סנטר- ראש פינה",3755,הסתיים
"חוו""ד התיאטרון הקאמרי - ת""א",399,הסתיים
"חוו""ד שמואלביץ ישראל ",3211,הסתיים
"חוו""ד שמואלביץ רונן",3744,הסתיים
חולון - בנין מיטרני,383,הסתיים
חולון - היכל הספורט,456,הסתיים
חומת שמואל,4204,הסתיים
חוף הכרמל - ביוב,3388,הסתיים
חוף זמיר,3775,הסתיים
חופים,3399,הסתיים
חוצות גנדן נתניה - פאוור סנטר,325,הסתיים
חוצות המפרץ,3001,הסתיים
חוצות המפרץ - בקרה תקציבית,3800,הסתיים
חורי הפצה,341,הסתיים
חטיבת ביניים בן צבי - קרית אונו,350,הסתיים
"חידוש בי""ס כרכור",3339,הסתיים
חלומות אלמוג,3764,הסתיים
חלומות כרכור - שלב ב',3890,הסתיים
חנויות H&M,605,הסתיים
חנות H&M ,3848,הסתיים
חנות H&M בנצרת,3973,הסתיים
חנות H&M קריון,3937,הסתיים
"חניון לב המע""ר הצפוני",709,הסתיים
חניון מגדלי אסותא,7013,הסתיים
"חפ""א - החברה לפיתוח אשדוד",122,הסתיים
חפציבה - כרמיאל,3677,הסתיים
חפציבה - עכו,3676,הסתיים
"חצר בי""ס אזורי כרמל",3207,הסתיים
חצרות המושבה,682,הסתיים
חצרות המושבה שלב ב',880,הסתיים
חריש,111,הסתיים
חשמל בפריחה,633,הסתיים
"חשמל ומ""א מערכת חינוך",3817,הסתיים
טבריה - מרכז התפתחות הילד,3930,הסתיים
טבריה - עב' שיקום ופיתוח  03/2018,30693,הסתיים
טויוטה  - חיפה,509,הסתיים
טויוטה - ראשון לציון,524,הסתיים
טויוטה יגאל אלון,861,הסתיים
טויוטה פארק ראם,747,הסתיים
טויוטה רעננה,476,הסתיים
טופ דן,419,הסתיים
טיב טעם באר שבע,393,הסתיים
טייבר 26 גבעתיים,7071,הסתיים
טיילת חוף הכרמל,3642,הסתיים
טיפול בצמתים במסגרת מטרונית הדר  ח.10584/9 ,3975,הסתיים
טירת הכרמל - נדן,3382,הסתיים
טירת הכרמל - עיריה,343,הסתיים
"טללים - 83 יח""ד",5038,הסתיים
טמרה - 519,30519,הסתיים
טן כפר סבא,676,הסתיים
יהדות מוסול,3730,הסתיים
יהודה מכבי 48,998,הסתיים
יובלים נס ציונה,968,הסתיים
יובלים שלב ו',3670,הסתיים
יום מנהלי פרויקטים,9999,הסתיים
יוניק ויו,7044,הסתיים
יזמים שונים,3685,הסתיים
יחידות דיור - קיבוץ כרמים,5129,הסתיים
יחידות דיור - קיבוץ ניצנים,5149,הסתיים
ייעוץ לכתיבת מכרז אחזקה כללית שוטפת,3898,הסתיים
ייעוץ לכתיבת מכרז דגלול לשנת 2011,3884,הסתיים
ייעוץ לכתיבת מכרז דגלול לשנת 2012,3932,הסתיים
"יישום דו""ח דוברת",3699,הסתיים
ימית 2000,359,הסתיים
ימית 2000 - אולם ארועים ומשרדים,505,הסתיים
ימית 2000 - בריכת השלום,506,הסתיים
ימית 2000 - גג הבריכה,507,הסתיים
יעוץ הנדסי לחברת שמאות וביטוח,375,הסתיים
יעוץ לכתיבת מכרז חלקלקות,3867,הסתיים
יעוץ/עב' קטנות - כללי,3414,הסתיים
יפו,624,הסתיים
ירוחם- השלמת פיתוח ותשתיות בא.ת קיים 10010-20,317223,הסתיים
"ירושלים, רמות - 64 יח""ד",428,הסתיים
ירכא - הסדרת כביש כניסה 17/2015,30498,הסתיים
ירכא עב' סלילה ניקוז ותאורה כביש קדמני 15/2018,30555,הסתיים
ירקון סנטר,370,הסתיים
ישפרו - מודיעין,360,הסתיים
ישפרו מודעין  2,465,הסתיים
ישפרו סנטר ערד,5062,הסתיים
ישפרו קרית יהודית,5103,הסתיים
ישפרו קרית יהודית תשתיות ציבוריות,5132,הסתיים
"כ""ס 120 יח""ד",535,הסתיים
כביש 1 - נאות חובב,5134,הסתיים
כביש 2 וכביש הרכבת רמת חובב,5081,הסתיים
כביש 4711,598,הסתיים
כביש 5 רמת חובב,5074,הסתיים
כביש 562,3850,הסתיים
כביש 65 - מגידו תענכים,3856,הסתיים
כביש 65 צומת מוצמוץ,3934,הסתיים
כביש 651 - רמזור צומת פארק תעשיות קיסריה,3844,הסתיים
כביש 70 מסדרון יקנעם,3777,הסתיים
כביש 75 כניסה לרמת ישי,3851,הסתיים
כביש 77 צומת א.ת ציפורית,3943,הסתיים
כביש 77 צומת כניסה - מחנה שמשון  ,3837,הסתיים
כביש 77/54 צומת בית רימון,3838,הסתיים
כביש 781 שפרעם עוקף קריות,3805,הסתיים
כביש 79 - מחלף המוביל,3779,הסתיים
כביש 79 - מחלף יפתחאל,3795,הסתיים
כביש 89 גשר עכברה,3885,הסתיים
כביש 90 מעגלי תנועה,3859,הסתיים
כביש בכפר ביאליק,3913,הסתיים
כביש גישה לעין כרמל,3919,הסתיים
כביש גישה לתחנת כוח חגית ,3875,הסתיים
כביש עוקף דרומי,3428,הסתיים
כביש ראס עלי,3843,הסתיים
כבישים בשכונת בנימין דרום - מכרז מס' 3,3952,הסתיים
כוכב הצפון - ריינה,3816,הסתיים
כוכב הצפון יערי 26,536,הסתיים
כותרי פיס,3613,הסתיים
"כי""ח מעיר - ירושלים",239,הסתיים
כיכר 3 - בנימינה,3401,הסתיים
כיכר באיבטין,3684,הסתיים
כיכר בחסן שוקרי ח.10418/9,3926,הסתיים
כיכר בית שערים,3829,הסתיים
כיכר המושבה,910,הסתיים
כיכר הציונות - הרצליה,157,הסתיים
כיכר חיל ההנדסה,5086,הסתיים
כיכר מגד,3320,הסתיים
כיכר תלפיות,4332,הסתיים
כימיקלים לישראל,131,הסתיים
כיסרא סמיע - 402,30402,הסתיים
כיסרא סמיע- עב' תיקון והשלמת קוי מים וביוב 10/2019,30554,הסתיים
כיתן - הדר יוסף,192,הסתיים
כלא גבעון,433,הסתיים
כלא נוה תרצה,432,הסתיים
כלמוביל,3763,הסתיים
"כלמוביל פ""ת",588,הסתיים
כלנית אור יהודה,993,הסתיים
כמאנה - כביש 12,3788,הסתיים
כניסה ויציאה לביג נצרת מכביש 75,3861,הסתיים
כנפי נשרים קו ירוק ירושלים,967,הסתיים
כפר גלים - מבנה פנימיה,3840,הסתיים
כפר דוד,446,הסתיים
כפר חוואלד ,3687,הסתיים
כפר יונה,3663,הסתיים
"כפר יונה - מנהלת מגורים צ""הל",348,הסתיים
כפר כנא - פיתוח שלב ב' והשלמת ניקוז 4/2016,30522,הסתיים
כפר כנא - פיתוח תשתיות שלב ג' 05/2017,30541,הסתיים
כפר קרע,3356,הסתיים
כפר רות - עמותת שבי ישראל,139,הסתיים
כפר תבור - פיתוח,3907,הסתיים
כרכור,288,הסתיים
כרמיאל - 405,30405,הסתיים
"כרמל - היחידה לניהול סיכונים, אבטחת איכות",3999,הסתיים
כרמל - מחלקת התאוששות,3995,הסתיים
כרמל - פרגולה מחלקת ילדים,3990,הסתיים
כרמל צרפתי - שיקום רחובות,3892,הסתיים
כתיבת מכרזים,3762,הסתיים
לוזית,4333,הסתיים
לילך גינת,444,הסתיים
לקסוס הרצליה אולם תצוגה ,918,הסתיים
מ א טל-עירון,128,הסתיים
מאפו 5,561,הסתיים
מבוא ביתר,361,הסתיים
"מבואה צפונית - ב""ש",338,הסתיים
מבנה 2020,871,הסתיים
מבנה בקרה מטרופוליני,3929,הסתיים
מבנה חדש ליד לקסוס בצ'ק פוסט,3908,הסתיים
מבנה מסחרי בבית שאן,3784,הסתיים
מבנה משרדים - קרית הממשלה נצרת עילית,3927,הסתיים
מבנה משרדים מתחמ לוד,1009,הסתיים
מבנה נעול נווה מנשה,3853,הסתיים
מבנה רב תכליתי,3758,הסתיים
מבנה רב תכליתי ראס עלי,3921,הסתיים
מבנה תעשיה בנתיבות,5122,הסתיים
מבני מגורים שכונה ג,5172,הסתיים
מבני תעשיה - כפר קרע,224,הסתיים
מגדל W בוטיק,601,הסתיים
מגדל אלקו - אלקטרה,544,הסתיים
מגדל הגימנסיה,642,הסתיים
מגדל הורד ,191,הסתיים
מגדל המוזיאון,268,הסתיים
מגדל המשחררים,5046,הסתיים
מגדל הספורט בקמפוס,5059,הסתיים
מגדל העמק - מבנה נוער,3839,הסתיים
מגדל העצמאות - בנק לאומי,5006,הסתיים
מגדל השחר,716,הסתיים
מגדל סביון בת ים,857,הסתיים
מגדל עדן,896,הסתיים
מגדל עדר,828,הסתיים
מגדל רוטשילד/אלנבי,511,הסתיים
מגדל רמז,532,הסתיים
מג'דל שמס - עבודות פיתוח ותשתיות 88007/16,30520,הסתיים
מגדל שמפניון,950,הסתיים
מגדלי LYFE בני ברק,897,הסתיים
מגדלי אלפא,3836,הסתיים
"מגדלי אם המושבות, פ""ת",322,הסתיים
מגדלי גינדי תל אביב - מגדל 1,811,הסתיים
מגדלי גינדי תל אביב - מגדל 2,851,הסתיים
מגדלי הארבעה,701,הסתיים
מגדלי הבירה - רוממה,4274,הסתיים
"מגדלי הגראנד קניון ב""ש",5158,הסתיים
מגדלי הוד השרון,551,הסתיים
מגדלי הריביירה נתניה,3721,הסתיים
מגדלי טוביהו,5052,הסתיים
מגדלי מצילים,3731,הסתיים
מגדלי עלית ים סוף,815,הסתיים
"מגורים 11 יח""ד בקרית אתא",3878,הסתיים
מגורים בדניה,3996,הסתיים
מגורים נתניה מזרח - גנדן-נדלן,283,הסתיים
מגידו הרחבה,3661,הסתיים
מגרש 705 - M TOWER,5159,הסתיים
מגרש אלף ואחד - עיר ימים נתניה,749,הסתיים
מגרש חניה טירת הכרמל,3645,הסתיים
מגרש משולב שגב שלום,5063,הסתיים
מגרש ספורט בטלאל,3776,הסתיים
מגרש ספורט במנוף,3765,הסתיים
מגרש ספורט משולב בשכניה,3774,הסתיים
מדרגות לכיש,3601,הסתיים
מובל ניקוז כורדני - חצייה מתחת לשדרות ירושלים,3949,הסתיים
"מודיעין עילית - משהב""ש",214,הסתיים
מוזיאון העיצוב חולון,373,הסתיים
מוזיאון ישראל בית כנסת סורינאם,4313,הסתיים
מול 7 - שער הנגב,5099,הסתיים
"מול הפארק ב""ש",5017,הסתיים
מוסך אוטובוסים ברמלה,832,הסתיים
מוסך הינו,677,הסתיים
מוסך טויוטה,3756,הסתיים
מוסך מ.א.ן,735,הסתיים
מוסך מרצדס,448,הסתיים
מוסך מרצדס - ראש פינה,3703,הסתיים
מוסך רום במות פתח תקוה,827,הסתיים
מועדון בית גיל הזהב - מעגן מיכאל,3686,הסתיים
"מועדון גיל הזהב - פ""ח",3349,הסתיים
מועדון גיל הזהב - קציר,3345,הסתיים
מועדון כפר חוואלד,3811,הסתיים
"מועדון לחרשים - מרש""ל",5131,הסתיים
מועדון נוער - דניה,3745,הסתיים
מועדון נוער באיבטין,3714,הסתיים
מועדון נוער הצופים - אשקלון,5139,הסתיים
מועדון נוער חוואלד,3738,הסתיים
מועדון נוער נווה חורש - דימונה,5023,הסתיים
מועדון פיס קהילתי - דימונה,5022,הסתיים
מועדון פיס קרית שמואל ח.10710/18,3912,הסתיים
מועדוני נוער באר שבע,5120,הסתיים
מועדונים ברהט,5107,הסתיים
מועצה אזורית שומרון,3378,הסתיים
"מועצה מקומית פ""ח כרכור - יעוץ כללי",3369,הסתיים
מורדות נווה יעקב,4298,הסתיים
מושב מצליח,4340,הסתיים
מזרקה ברהט,5106,הסתיים
מחלף גולני,3734,הסתיים
מחלף המוביל שלב ג' - השלמות,3881,הסתיים
מחלף הראל - י-ם,434,הסתיים
מחלף יגור - נתיבי ישראל,3987,הסתיים
מחלקה משפטית בנין עיריית חיפה,3796,הסתיים
מחסן לוגיסטי בקיסריה,3787,הסתיים
מחסני השוק,5029,הסתיים
מחסני השוק האורגים,5048,הסתיים
מחסני השוק מיתרים,5087,הסתיים
מחסני השוק עין יהב,5076,הסתיים
מחסני השוק שכונה ט',5049,הסתיים
מחצבת שפיה,3398,הסתיים
מטרונית - קטע דרומי ח.10130/8,3842,הסתיים
מטרונית - קטע מרכזי,3841,הסתיים
מי ברק,727,הסתיים
מי עדן,3909,הסתיים
מידול בית המכס,7050,הסתיים
מיזוג אויר בבתי ספר ח.12900/18,3946,הסתיים
"מיטירני - ""בגובה העיניים""",429,הסתיים
מים וביוב תחנת דלק בנימינה,3411,הסתיים
מינהלת מעבר משרדי LYFE,22,הסתיים
מיצד חצבה,5084,הסתיים
מירב - מרכז תרבות וספריה,3789,הסתיים
מישור אדומים,4322,הסתיים
מכבים - בני ברק,784,הסתיים
"מכון אחי""ה - בני ברק",402,הסתיים
"מכון שאיבה - פ""ח",3344,הסתיים
מכון תעוות - אנודה שיתופית,198,הסתיים
מכללת אורט בראודה,30119,הסתיים
מכללת ארז,3823,הסתיים
מכללת שאנן - הקמת מבנה חדש במכללה,3931,הסתיים
מכללת שאנן - מבנה ספריה,3971,הסתיים
מכללת שאנן - עבודות מיזוג אויר,3957,הסתיים
מכרז בנימינה,3381,הסתיים
מלון בראון אלנבי,1014,הסתיים
מלון הרצליה פיתוח,721,הסתיים
מלון ככר ציון,7027,הסתיים
מלון קאנטרי קלאב תל אביב,7028,הסתיים
מליבו חדרה,3366,הסתיים
"ממ""י - הרלי - ירושלים",329,הסתיים
ממי-הרלי - צומת בייט,368,הסתיים
מנהרת עזריאלי,804,הסתיים
מסוף טאבה,694,הסתיים
מסוף מטענים בית שאן,3945,הסתיים
מסוף מטענים מגדל העמק,3976,הסתיים
מסוף מטענים נתיבות,734,הסתיים
מסוף מטענים נתיבות - ביצוע,1161,הסתיים
"מע""צ - אחזקה כוללת",3752,הסתיים
"מע""צ - הכנת מכרזים",3761,הסתיים
"מע""צ - מחלף אשדוד",522,הסתיים
"מע""ר הרצליה - כבישים",159,הסתיים
"מע""ש - עירית פ""ת",416,הסתיים
מעבדות גור שאשע - בלינסון ,7030,הסתיים
"מעבר תת""ק ק. חיים",3740,הסתיים
"מעגן מיכאל - חט""ע",3807,הסתיים
מעון בבר יוחאי,3165,הסתיים
מעון בהושעיה,3647,הסתיים
מעון יום בנופית,3626,הסתיים
מעון נוה מנשה,3415,הסתיים
מעונות המחקר באר שבע  ,899,הסתיים
מעייני הישועה,504,הסתיים
מעלה אדומים - חברה כלכלית,208,הסתיים
מעלה אדומים משרדים,855,הסתיים
מעלה גמלא,354,הסתיים
מעלה עירון - ביוב,3370,הסתיים
מעלות - הרחבת שד' הנשיא הרצוג 12/2016,30528,הסתיים
מעלות - מפעל כרמקס,3135,הסתיים
מערכת ביוב עין הוד,3396,הסתיים
מפעל אלומיניום בעמק שרה,5097,הסתיים
מפעל הפיס – ספריות,243,הסתיים
מפעל ייצור,5057,הסתיים
מפעל מלתא,3905,הסתיים
מפעל קמטק,3616,הסתיים
מפעלי חמצן,692,הסתיים
מפרץ שלמה חולון,1132,הסתיים
מצפה ירושלים,4300,הסתיים
מצפה נטופה,3652,הסתיים
מצפה עירון,3397,הסתיים
מצפה צורים,412,הסתיים
"מקב""ת ינוב כפר יונה",3883,הסתיים
מקיף ה - שלב ג - אשקלון,5092,הסתיים
מקיף ה' אשקלון,5072,הסתיים
"מראר - השלמת פיתוח אז""ת 09/2017 ",30551,הסתיים
מראר 544,30544,הסתיים
מרום גליל 688-543,30543,הסתיים
"מרום הגליל - עב' סלילה, מים, ביוב, תאורה ופיתוח 82",30550,הסתיים
מרינה הרצליה,174,הסתיים
מרכבים קיסריה - עבודות בניה,3991,הסתיים
מרכז בינוי דלויה - עמק שרה,5067,הסתיים
מרכז דן,7005,הסתיים
מרכז הנגב באר שבע,5138,הסתיים
מרכז יום לקשיש - בית שאן,3170,הסתיים
"מרכז יום לקשיש - קרן - ת""א",299,הסתיים
מרכז יום רב תחומי לקשיש,5157,הסתיים
מרכז כלל ב'2,4215,הסתיים
מרכז לוגיסטי - נאות חובב,5175,הסתיים
מרכז מאן,806,הסתיים
מרכז מבקרים ומשרדי המועצה - נאות חובב,5135,הסתיים
מרכז מבקרים שפדן,440,הסתיים
מרכז מיתר,5170,הסתיים
מרכז מסחרי - לוד,154,הסתיים
מרכז מסחרי בזלת בטבריה,3711,הסתיים
מרכז מסחרי גן יבנה,730,הסתיים
מרכז מסחרי גן יבנה שלב ב,891,הסתיים
מרכז מסחרי כוכב הצפון ,974,הסתיים
מרכז מסחרי רסקו - עכו,3139,הסתיים
מרכז עסקים הרצליה,587,הסתיים
מרכז קהילתי נווה נוי,5117,הסתיים
מרכז רפואי דימונה,5019,הסתיים
מרכז תרבות מכבים – פ'ת,180,הסתיים
מרכזי אופניים,5054,הסתיים
"מרלו""ג H&M",594,הסתיים
"מרלו""ג הראל פ""ת",611,הסתיים
"מרלו""ג טויוטה",770,הסתיים
"מרלו""ג טויוטה",7052,הסתיים
"מרלו""ג מאיר צומת מסמיה",943,הסתיים
"מרלו""ג מכשירי תנועה",699,הסתיים
מרלוג H&M - תוספת קומות,816,הסתיים
מרלו''ג טלקאר,725,הסתיים
"משהב""ט - מצפ""פ",3374,הסתיים
"משהב""ט מרחב התפר",3682,הסתיים
"משהב""ש - הוסטלים",160,הסתיים
"משהב""ש - מורדות נווה יעקב",430,הסתיים
"משהב""ש קרית גת רובע הבנים",4355,הסתיים
משהבש קרית גת גוגנהיים,4358,הסתיים
משואה,4286,הסתיים
משטרת ישראל - נתניה,206,הסתיים
משכנות האומה - בנין 11,4360,הסתיים
משמר דוד,404,הסתיים
משען - שיפוצים בנאות אפקה,464,הסתיים
משען בריכת שחיה,461,הסתיים
"משרד הביטחון - מצפ""פ",218,הסתיים
"משרד הביטחון - מקרפ""ר",217,הסתיים
משרד הביטחון - סוכת בית אל,366,הסתיים
משרד הביטחון גבול הצפון,3633,הסתיים
משרד הדתות,517,הסתיים
משרד החוץ,4285,הסתיים
משרד המסחר והתעשיה - כללי,386,הסתיים
משרדי One Plaza,5071,הסתיים
משרדי PWC קסלמן וקסלמן ,977,הסתיים
משרדי WXG,1022,הסתיים
משרדי בזק חולון,1037,הסתיים
"משרדי בזק סנהדרין ב""ש",5118,הסתיים
"משרדי הממשלה ראשל""צ",475,הסתיים
משרדי יוניון מגדל טויוטה,982,הסתיים
משרדי כלל ביטוח פתח תקוה,985,הסתיים
משרדי סמסונג,1054,הסתיים
משרדי עמית פולק מטלון,796,הסתיים
משרדי פישר בכר חן,1025,הסתיים
משרדי פליפקארט,1063,הסתיים
משרדים - ק.אתא,3830,הסתיים
מתחם B-7 באר שבע,5065,הסתיים
מתחם איט-אפ,1120,הסתיים
מתחם ארגמן יבנה,885,הסתיים
"מתחם בית אל - ת""א",345,הסתיים
מתחם גולף הדר יוסף,756,הסתיים
מתחם הארגז,719,הסתיים
מתחם החלוץ - רמת השרון,568,הסתיים
מתחם הנזירות,927,הסתיים
מתחם העיריה - חדרה,332,הסתיים
"מתחם הצעירים - רמה""ש",499,הסתיים
מתחם הקאנטרי שלב א',482,הסתיים
מתחם הקאנטרי שלב ב',613,הסתיים
מתחם הקאנטרי שלב ג' - בנין 5,678,הסתיים
מתחם הקאנטרי שלב ג' - בנין 6,714,הסתיים
מתחם השוק - נס ציונה,347,הסתיים
מתחם טרה,786,הסתיים
מתחם טרה – יגאל אלון,584,הסתיים
מתחם יסוד המעלה הוד השרון,781,הסתיים
מתחם כיתן דימונה ,5133,הסתיים
מתחם לב העיר אופקים,5177,הסתיים
מתחם לביא גבעתיים,964,הסתיים
מתחם לוד שלב ב,1127,הסתיים
מתחם מגורים במגדל,3882,הסתיים
מתחם מגורים בערד,5088,הסתיים
מתחם מונטיפיורי- רגר,5164,הסתיים
מתחם נווה באר-שבע,5160,הסתיים
מתחם ניר צבי - מתחם משטרה,1171,הסתיים
מתחם סולטסט סולל בונה,5083,הסתיים
מתחם פיק - בני ברק,335,הסתיים
מתחם ציבורי גינדי,929,הסתיים
מתחם צ'ק פוסט צפון,3790,הסתיים
"מתחם רחוב הגר""א",778,הסתיים
"מתחם רמב""ם - 83 יחידות דיור",5051,הסתיים
"מתנ""ס אום אל פאחם",3308,הסתיים
"מתנ""ס הר חומה",4309,הסתיים
"מתנ""ס רמות",5001,הסתיים
מתקן התפלה - פלמחים,731,הסתיים
"נ.ע.מ - עב' פיתוח שלב א+ב, סלילה שלב ג' 10009-19",317221,הסתיים
"נ.ת.ע - פ""ת",473,הסתיים
נאות ברק,3372,הסתיים
נאות השרון,3393,הסתיים
נאות חובב - עבודות תשתית וסלילה - מפעל סלע 30/2017,317218,הסתיים
נאות יובלים,3418,הסתיים
נאות ים ,3748,הסתיים
נבטים - אזור תעסוקה,5058,הסתיים
נגב קרמיקה ירוחם,5070,הסתיים
נוה גן 37 יחד,481,הסתיים
נוה צדק - נחושתן,303,הסתיים
נווה אילן,246,הסתיים
נווה הדרים,3350,הסתיים
נווה צדק,116,הסתיים
נווה צדק - מגדל מגורים,489,הסתיים
נווה רם,3855,הסתיים
נויה,7001,הסתיים
נוף עין כרם,4344,הסתיים
נופי כרמל שיכון עובדים,3646,הסתיים
נחום הנביא 16 תל אביב - מגורים חורש,848,הסתיים
נחלת בנימינה,3385,הסתיים
נטפים/חצרים הסדרת רישוי,5115,הסתיים
ניהול אזור תעשיה אופקים,5075,הסתיים
"ניהול פרויקטים בחו""ל - אטריום",353,הסתיים
ניורסט מפעל מזון,948,הסתיים
נמל המפרץ,860,הסתיים
נמל חיפה ,3977,הסתיים
נצרת - 441,30441,הסתיים
נצרת - השלמת עבודות פיתוח שלב א' 1865/14/17,30540,הסתיים
נצרת - מרכז מסחרי,145,הסתיים
נצרת - נאות ברק,249,הסתיים
נצרת ציפורי - עבודות פיתוח 11/2019,30694,הסתיים
נקז ברח' וינגייט וכבישים,162,הסתיים
נקז רח' העצמאות - הרצליה,169,הסתיים
נתיבות - 72 יחידות דיור ,5189,הסתיים
נתיבי איילון - ציר דורי,521,הסתיים
"נתניה - 28 - יח""ד",175,הסתיים
נתניה עיר ימים מגרש 1004,616,הסתיים
סביוני העמק עפולה – אפריקה ישראל,3683,הסתיים
סביוני ים,3750,הסתיים
סוכת בית אל ,4289,הסתיים
סולם,4321,הסתיים
סייבר ארק ,921,הסתיים
"סינמה סיטי ראשל""צ",552,הסתיים
סככת הצלה חוף דדו,3691,הסתיים
סככת מציל חוף דדו - יפה נוף חיפה,3623,הסתיים
סכנין - 425,30425,הסתיים
סכנין - משך עבודות פיתוח 33/2013,30426,הסתיים
"סמינר הקיבוצים - תב""ע",321,הסתיים
"סנטרל פארק - רשל""צ",275,הסתיים
ספא - פארק אזורים,262,הסתיים
ספורטק באר שבע,996,הסתיים
"ספיר שיפר - פ""ת",425,הסתיים
ספריה בפרדס חנה,3195,הסתיים
"ספריה למוסיקה - קרן ת""א",129,הסתיים
ספריה מרכזית - אשקלון,512,הסתיים
ספריה ציבורית בבנימינה,3423,הסתיים
ספריה ציבורית בבנימינה - שלב ב',3194,הסתיים
עבודות אחזקה במרחב צפון,3724,הסתיים
עבודות אחזקת תשתיות בשכ' בנימין,3992,הסתיים
עבודות גמר שרונה,932,הסתיים
עבודות מים וכבישים לבניים - בנימינה,3407,הסתיים
עבודות פיתוח באיבטין,3651,הסתיים
עבודות פיתוח תשתיות שלב ב' -  שגב שלום  85809/17,315809,הסתיים
עבודות קטנות 2014,7040,הסתיים
עד הלום באר טוביה,117,הסתיים
עוקף מורשה מזרח 4-5-4,808,הסתיים
עזריאלי DC,1078,הסתיים
עזריאלי דרום הקריה,711,הסתיים
עזריאלי המנור חולון,868,הסתיים
עזריאלי חולון,710,הסתיים
עזריאלי חולון - שלב ב',801,הסתיים
עזריאלי טאון ,765,הסתיים
עידן הנגב -השלמות פיתוח - 1-2020,317225,הסתיים
עילוט - 387,30387,הסתיים
עילוט - השלמת פיתוח אזור תעשייה 03/2016,30523,הסתיים
עין הים - חדרה,371,הסתיים
עין צורים,5014,הסתיים
עיר ימים - בנין משרדים,742,הסתיים
עיר ימים צוקי השמורה - בנין 3,843,הסתיים
עירית חיפה - אגף המים והביוב,3603,הסתיים
עירית רחובות - שיפוצים,184,הסתיים
עירת אום אל פאחם,266,הסתיים
עלית בפארק,3710,הסתיים
"עמותת נאות חנן - פרוייקט מגורים 750 יח""ד בחריש  ",3993,הסתיים
עמידר ספרינקלרים הוסטל,3671,הסתיים
עמק סנטר,3782,הסתיים
עמק סנטר - עפולה,3694,הסתיים
עפולה - 442,30442,הסתיים
עפולה - א.ת. תדיראן עפולה שלב ב 03/2017,306884,הסתיים
"ערבה - אז""ת ישן השלמת פיתוח  1013/2014",30456,הסתיים
ערד - עבודות עפר ופיתוח למנחת ערד 14/2018,30692,הסתיים
ערים - רכס חלילים,367,הסתיים
ערערה - עב' עפר סלילה ותשתיות שלב א' 1865/14/13,30501,הסתיים
עתיד במדבר,5012,הסתיים
עתלית - מתחם רסקו,3187,הסתיים
עתלית מקומית מועצה,337,הסתיים
עתלית שכונת בולוני,3679,הסתיים
"פ""ת - שמיר - אשדר",415,הסתיים
פאואר סנטר בחדרה,3741,הסתיים
פארמה אקסל,557,הסתיים
פארק אוסישקין בנהריה,3967,הסתיים
פארק אזורים - בנין 1,155,הסתיים
פארק אזורים - בנין 2,221,הסתיים
פארק אזורים - חניון + מרכז מסחרי,269,הסתיים
פארק אזורים - ליווי פיננסי,256,הסתיים
פארק אזורים 2,295,הסתיים
פארק אזורים ב',528,הסתיים
פארק אזורים בנין 3,254,הסתיים
פארק אזורים בנין 4,304,הסתיים
פארק אזורים בנין 6,279,הסתיים
פארק אזורים מתחם הייטק,276,הסתיים
פארק אזורים שלב ב',744,הסתיים
"פארק היין, זכרון יעקב",3879,הסתיים
פארק מדע בקרית ים,3893,הסתיים
"פארק נחל ב""ש - מזרקה",5155,הסתיים
פארק נחל באר שבע,5144,הסתיים
פארק נחל באר שבע - אגם,5152,הסתיים
"פארק עופר 2 בניינים C,D",981,הסתיים
פארק צבאים -  ע.ע בכבישים ומגרש 24/2018,306885,הסתיים
פארק צבאים - 457,30457,הסתיים
פארק תמר,495,הסתיים
פארק תמר בניין 3 אפלייד - רחובות,298,הסתיים
פארק תמר מבנה 4,859,הסתיים
פארק תעשיות קורן במעלות - השלמת פיתוח 05/2017,30546,הסתיים
פורשה הרצליה,720,הסתיים
"פי גלילות - הרל""י",291,הסתיים
פייבר נט,3668,הסתיים
פינוי בינוי גיורא גבעת שמואל,866,הסתיים
פינוי בינוי כללי,259,הסתיים
"פינוי בינוי נווה עופר ת""א",867,הסתיים
"פינות נוי - ב""ש",5047,הסתיים
פיס ירוק - מרכז ספורט אתגרי דימונה,5041,הסתיים
"פיקוח בי""ס אורט",3723,הסתיים
פיקוח בתי ספר וגנים ברהט,5095,הסתיים
פיתוח מתחם הצ'ק פוסט,3716,הסתיים
פיתוח מתחם השיש,3707,הסתיים
פיתוח רחוב בן עמי,3825,הסתיים
פיתוח רחוב שלונסקי,3854,הסתיים
"פיתוח רחובות - פ""ח כרכור",3367,הסתיים
פיתוח ש/507 ,3412,הסתיים
פנינת  נתניה,3753,הסתיים
פנינת גולדה,3655,הסתיים
פנינת שמואל,3673,הסתיים
פסגות ההלכה - מגדל מגורים,418,הסתיים
פסגות ירושלים,4346,הסתיים
פסגת זאב,4293,הסתיים
פסגת זאב - י-ם,436,הסתיים
"פסגת זאב ירושלים משהב""ש",403,הסתיים
פסגת זאב צפון מערב,4350,הסתיים
פסגת סטלה מאריס,3845,הסתיים
פרדס חנה - דרך למרחב,3318,הסתיים
"פרדס חנה - חכ""ל",196,הסתיים
פרדס חנה - כיכר חקלאית,3319,הסתיים
פרדס חנה - כללי,3327,הסתיים
פרדס חנה - נוה התות שלב א',3328,הסתיים
פרדס חנה - נוה התות שלב ב',3333,הסתיים
פרדס חנה - צפון קרקור,219,הסתיים
פרדס חנה - שכונת פרחי הדר,3322,הסתיים
"פרדס חנה בי""ס פירחי הדר",3338,הסתיים
פרוייקט קטנים יפה נוף,3630,הסתיים
"פרויקט ""ארמון"" חיפה",3915,הסתיים
פרויקט ויז'ין קמפוס הנמל,3998,הסתיים
פרויקט מגורים בזכרון יעקב,3910,הסתיים
פרויקט מגורים בכפר סבא,634,הסתיים
פרויקט מגורים בנתניה,607,הסתיים
"פרויקט מגורים בעפולה - רובע יזרעאל 36 יח""ד",3906,הסתיים
פרויקט מגורים ברחובות,618,הסתיים
פרויקט נווה גנים - רישום בית משותף - בקרית מוצקין,3984,הסתיים
"פרויקט רמת הנשיא - תב""ע",3982,הסתיים
פרויקטי משרד הביטחון מחוז נגב,958,הסתיים
פרויקטים בתשתיות ובניה ציבורית,3962,הסתיים
פרי - מרכז לוגיסטי,462,הסתיים
פרי הר,250,הסתיים
פרי מגדים,930,הסתיים
פרישמן 46,593,הסתיים
פ'ת PC יכין חקל,356,הסתיים
"צה""ל - נחשונים",284,הסתיים
צומת בית עלמין בכביש 70,3798,הסתיים
צומת חברון הבורסקאי,5026,הסתיים
צומת כבישים 1/2 במשגב,3770,הסתיים
צוקי השמורה,7073,הסתיים
צור באהר - כביש 2,4304,הסתיים
צור באהר - מוריה,442,הסתיים
צורן,3413,הסתיים
ציפורית - השלמת פיתוח שלב ב' 1017/2015,30462,הסתיים
"ציפורית - עבודות עפר, תשתית ושונות בא.ת. 22/2018",306881,הסתיים
ציר אבו חצירא - נתיבי אילון,385,הסתיים
ציר הנופש,821,הסתיים
ציר הנופש - תסקיר,759,הסתיים
ציר הנופש פיתוח שכונה,923,הסתיים
ציר העדפה בני ברק,841,הסתיים
ציר עתידים,799,הסתיים
ציר שלבים א - תל אביב,800,הסתיים
"צמרת ת""א - גזית גלוב ישראל",529,הסתיים
צפון בקעת באר שבע,5137,הסתיים
צפון ירושלים,4263,הסתיים
צפת - 404,30404,הסתיים
צפת - הנחת קו מיים 8612/17,30688,הסתיים
צפת - עב' פיתוח הרחבה דרומית שלב ב 8641/17,30549,הסתיים
צ'ק פוינט,484,הסתיים
צ'ק פוסט צפון - שלב ב' ח.11011/8,3887,הסתיים
ק.ש.ת. - בנין נורטל,363,הסתיים
קא/322 מתחם ד',733,הסתיים
קאש אנד כארי,376,הסתיים
קאש אנד קארי - שלב ב',496,הסתיים
קבוצת מאיר - פרויקטים קטנים,724,הסתיים
"קבוצת רוכשים - 53 יח""ד בכפר גנים",654,הסתיים
קבוצת רוכשים הוד השרון הנשיאים,645,הסתיים
קבוצת רכישה הוד השרון - מגרש 203,603,הסתיים
"קבוצת רכישה הוד השרון - מגרשים 218, 219",589,הסתיים
קבוצת רכישה משכנות האומה,4339,הסתיים
קבוצת רכישה נווה גן,592,הסתיים
"קדימה 9 יח""ד",3947,הסתיים
קדמת אלמוגי - חלקה 4,3602,הסתיים
קדמת גליל,3156,הסתיים
קדמת גליל  - עב' פיתוח הרחבה מזרחית 87109-17,30552,הסתיים
קדמת גליל 688/545,30545,הסתיים
קו ביוב ותחנת שאיבה בעתלית,3628,הסתיים
קו ביוב מאסף צפון כרכור,3352,הסתיים
קו ביוב רחוב יצחק אבינו ודרך מצדה,5102,הסתיים
"קו ביוב שלב ב', עתלית",3680,הסתיים
קו מים לנווה הדרים,3351,הסתיים
קוגול קיסריה,562,הסתיים
קולנוע תל אביב,615,הסתיים
קומברס רעננה,745,הסתיים
"קופ""ח כללית",4317,הסתיים
"קופ""ח כללית בית שאן",3918,הסתיים
"קופ""ח מכבי - מרכז חורב",3809,הסתיים
"קופ""ח מכבי ט.כרמל",3700,הסתיים
קורס מנהלי פרויקטים 2021,20,הסתיים
קטרפילר,3609,הסתיים
"קיבוץ ארז תב""ע",5193,הסתיים
קיבוץ יגור - כביש יד למגינים,3925,הסתיים
קיקה חוצות המפרץ,3916,הסתיים
קיקה נתניה,608,הסתיים
קירוי מגרש ספורט - בית ספר זינמן,5050,הסתיים
קירות תומכים,3778,הסתיים
קירית שמואל (משהב),3705,הסתיים
קלאב מרקט נהריה,3698,הסתיים
קמפוס מבואות הנגב קיבוץ שובל,5104,הסתיים
קמפוס רמות,7021,הסתיים
קניון טבריה,3771,הסתיים
קניון טבריה - דנילוף,423,הסתיים
קניון טבריה - דנילוף,3690,הסתיים
קניון יקנעם,3767,הסתיים
קניון לב תלפיות,4319,הסתיים
קניון לימסול קפריסין,502,הסתיים
קניון מול היער טבעון,3876,הסתיים
קניון מעלה אדומים,4356,הסתיים
קניון נאות מדבר,5002,הסתיים
קניון נווה זאב,5068,הסתיים
"קניון עיר ימים נתניה - אזורים + שכ""ע",272,הסתיים
קניון עיר ימים שלב ב,820,הסתיים
קניון עיר ימים שלב ב',7063,הסתיים
קניון עכו,3808,הסתיים
קניון קסר אל מנאר,3362,הסתיים
קניון קרית אונו שלב א',225,הסתיים
קניון קרית אונו שלב ב',315,הסתיים
קניון קרית אתא,3806,הסתיים
קניון קרית הממשלה באר שבע,5101,הסתיים
קניון שבעת הכוכבים,665,הסתיים
קניון שיכון עובדים ומבנה חניה בקרית אתא,3933,הסתיים
קציר,3312,הסתיים
קציר ,109,הסתיים
קציר עבודות שוטפות,3391,הסתיים
קצרין,3148,הסתיים
קצרין - הרחבת אזור תעשיה 3/2016,30525,הסתיים
קצרין - עבודות פיתוח באזור התעשיה פק/9/2018,30690,הסתיים
קריון,3896,הסתיים
קרינה שימושית,3618,הסתיים
קרית אונו - קא/322,590,הסתיים
"קרית אונו 87 יח""ד",661,הסתיים
קרית אונו- 91 יחידות דיור,445,הסתיים
קרית אתא - שיקום רחוב ברנר,3959,הסתיים
קרית בית הנהלת רכבת ישראל,648,הסתיים
קרית בית הנהלת רכבת ישראל-מסירות,6481,הסתיים
קרית גת - גליקמן,231,הסתיים
"קרית גת - רובע הפרחים - משהב""ש",681,הסתיים
קרית גת רובע בני ישראל,4361,הסתיים
קרית המודיעין,1018,הסתיים
קרית יערים,257,הסתיים
קרית מגדל,578,הסתיים
קרית מגדל - עבודות גמר בקומות עליונות,807,הסתיים
קרית מנחם - אופקים,5069,הסתיים
"קרן - ת""א - תחרות כיכר המוזיאן",336,הסתיים
"קש""צ ג' משרד הביטחון",230,הסתיים
קשר בראל,319,הסתיים
ר.ש.ת האזור הדרומי,372,הסתיים
ראם מגרש 119,909,הסתיים
"ראמה - הרחבת אז""ת 1031/2015",30500,הסתיים
ראמה - כביש כניסה לסאג'ור - 38/2019,306901,הסתיים
ראס אל עין,3166,הסתיים
ראש הנקרה,3167,הסתיים
"ראשל""צ",112,הסתיים
"ראשל""צ - דוניץ",704,הסתיים
"ראשל""צ מערב - אזורים\אפ""י - 500 יח""ד",407,הסתיים
רגבים,3371,הסתיים
"רה ארגון תח""צ - התאמת תחנות אוטובוס ח.10562/9",3968,הסתיים
רהט - פיקוח פרויקטים,5080,הסתיים
רהט - קו ביוב וקידוח אופקי שלב א' 10011-19,317222,הסתיים
רושדי חלבי,3426,הסתיים
רח' אחוזה כיכר,3336,הסתיים
רח' באצבעות - בנימינה,3402,הסתיים
"רח' גן עוז פ""ח",3363,הסתיים
רח' הברזל - רוגובין,204,הסתיים
"רח' המייסדים, הגליל, הקציר והאסיף",3353,הסתיים
רח' העצמאות - בנימינה,3400,הסתיים
"רח' השושנה, רח' הבוסתן, רח' האגוז - בנימינה",3406,הסתיים
"רח' מסילה - פ""ח",3346,הסתיים
רחוב אמירים,3728,הסתיים
רחוב הארז,3431,הסתיים
רחוב הדולב בנימינה - חיבורי ביוב בגבעת עדה,3886,הסתיים
רחוב הקמה,3729,הסתיים
רחוב חזן,3629,הסתיים
רחובות - אשכולות פיס,187,הסתיים
רחובות - בית ספר - עיריה,166,הסתיים
רחובות - מכון שאיבת מים,189,הסתיים
"רחובות 201 יח""ד",200,הסתיים
רחובות החדשה ,153,הסתיים
רחובות ותיקים - בנימינה,3408,הסתיים
ריג'נסי גרדנס – הכש'י,197,הסתיים
ריינה,3143,הסתיים
רישוי מבנים - מדרשת בן גוריון,5091,הסתיים
רישוי מועדון פורום,5123,הסתיים
רישוי שופרסל + קרטינג קרית יהודית,5173,הסתיים
"רישום חשבונות משהב""ש - דרך חברון",606,הסתיים
רכבת - משואה,810,הסתיים
"רכבת - קו ב""ש - נתיבות",414,הסתיים
רכבת - תחנת אופקים,426,הסתיים
רכבת - תחנת נתיבות,427,הסתיים
"רכבת ב""ש - נתיבות: ביצוע מכרז ח' ותחנות",741,הסתיים
רכבת ישראל - היתרים,771,הסתיים
רכבת לוד - בנין הדרכה שלב ב,844,הסתיים
רכבת קלה ירושלים,4316,הסתיים
רכס חלילים,4315,הסתיים
רמות ירושלים,1107,הסתיים
רמות ירושלים - תכנית שלד,1108,הסתיים
רמלה אזור התעשייה,452,הסתיים
רמת בית הכרם,4205,הסתיים
רמת בית הכרם - ירושלים,311,הסתיים
רמת בית שמש רובע ד',685,הסתיים
רמת גבריאל - 420,30420,הסתיים
רמת גבריאל - עבודות פיתוח ברמת גבריאל 13/18,30691,הסתיים
רמת רחל - מבנים,240,הסתיים
רמת רחל - מתחם ט'1,4246,הסתיים
רמת רחל / גד,4229,הסתיים
רמת רחל פיתוח ,278,הסתיים
רמת שרת,4348,הסתיים
רפאל - מבנה סימולציה,355,הסתיים
"רקל""ה הקו הירוק",4349,הסתיים
רשות השידור - ירושלים,364,הסתיים
רשות ניקוז כרמל,3375,הסתיים
"רשל""צ - שכ""ע 288 יח""ד",170,הסתיים
רתמים-טללים,5055,הסתיים
ש/241 מגרש ספורט,3202,הסתיים
"שב""ס - כלא ניצן",413,הסתיים
"שב""ס - מדמה כלא",417,הסתיים
שביל התפוזים הוד השרון,925,הסתיים
שגב שלום,5056,הסתיים
שגב שלום - השלמת תאורה 2003-20,317227,הסתיים
שגיא 2000,3145,הסתיים
שדה תעופה תמנע,723,הסתיים
שדרוג רחוב סוקולוב,758,הסתיים
שדרוג רחובות בנתניה,333,הסתיים
שדרות - פיתוח רחבת העירייה שלב א' 13-2018,317226,הסתיים
שוהם 62 - ביצוע,1117,הסתיים
שופרסל - נתניה,167,הסתיים
שופרסל נתניה,3305,הסתיים
שופרסל צומת חולון,660,הסתיים
שוק מגדל העמק,3144,הסתיים
שורש,177,הסתיים
שחק (שקד) - 499,30499,הסתיים
שחק (שקד) - 516,30516,הסתיים
שחק (שקד) - השלמת פיתוח שלב א' 1865/14/15,30526,הסתיים
"שחק (שקד) - שדרוג והגדלת מט""ש 2628/92016",306882,הסתיים
שחק (שקד) - תחנת שאיבה 1897/16,306886,הסתיים
"שחקים 15 יח""ד בחדרה",3889,הסתיים
שטח 9 גבעתיים – שכון עובדים,264,הסתיים
שיכום מבנים - יפה נוף,3746,הסתיים
"שיכון עובדים - גבעתיים 210 יח""ד",147,הסתיים
שיכון עובדים - חיפה,255,הסתיים
שיכון עובדים כרכור,3422,הסתיים
שילה ומעלה אפריים -   עבודות פיתוח ותשתית חלק א' -,317230,הסתיים
שיפוץ בניין סטון מכון ויצמן,7051,הסתיים
שיפוץ גראנד קניון,965,הסתיים
שיפוץ דיור מוגן אחוזת בית רעננה,903,הסתיים
שיפוץ הבימה,5015,הסתיים
שיפוץ חזיתות מערכת חינוך,3826,הסתיים
"שיפוץ לב ח""ש",3773,הסתיים
שיפוץ מבנה העירייה,5119,הסתיים
שיפוץ מבנה יד שרה בחיפה,3917,הסתיים
שיפוץ מבנה משרדים - כיל ישראל,5178,הסתיים
שיפוץ מבנים מ.א. עמק יזרעאל,3649,הסתיים
שיפוץ מרכז מסחרי נווה סביון,635,הסתיים
"שיפוץ משרד עו""ד",3801,הסתיים
"שיפוץ משרדי אגף שפ""ע",3824,הסתיים
שיפוץ משרדי כלל ירושלים,926,הסתיים
שיפוץ משרדי שיכון עבדים,441,הסתיים
"שיפוץ קניון ערים כ""ס",610,הסתיים
שיפוץ קניון רמת אביב,840,הסתיים
שיפוצי קיץ,5045,הסתיים
שיקום דרך יתיר - מיתר,5020,הסתיים
שיקום כביש גישה למושב גבע כרמל,3198,הסתיים
שיקום כביש גישה למושב מגדים,3706,הסתיים
שיקום מגרש כדורסל,5024,הסתיים
"שיקום מוס""צ (בי""ס דרור, נסיוני, שו""ב)",3607,הסתיים
שיקום שלמה המלך - הרצליה,438,הסתיים
שירות התעסוקה - בית שאן,3693,הסתיים
שכ' 498 - בנימינה,3386,הסתיים
שכ' 522 אזור 1+2 בנימינה,3404,הסתיים
שכונת אל דאהר - א.א פחם,3364,הסתיים
שכונת ארטישוק-גבים,5183,הסתיים
שכונת הרצוג - אשקלון,5013,הסתיים
שכונת מגורים נס ציונה מזרח,740,הסתיים
"שכונת עקיבא - פ""ת",301,הסתיים
שכונת שיבולים - ניר עם,5181,הסתיים
שלמה המלך - ק.אונו,294,הסתיים
שלמה המלך נתניה,931,הסתיים
שם טוב - ירושלים,216,הסתיים
שמחוני – עפולה,3904,הסתיים
"שמעה מיתרים - התאמת מט""ש לשפכים 1.2020",317228,הסתיים
שער דרום,854,הסתיים
"שער הגיא יקנעם - 95 יח""ד",3970,הסתיים
שער הים נתניה,7048,הסתיים
שער הנגב - עבודות השלמות פיתוח באז״ת -  20007-20,317229,הסתיים
שער העיר לוד,307,הסתיים
שפרעם - השלמת פיתוח  34/2013,30430,הסתיים
תאומי רובינשטיין ,915,הסתיים
"תב""ע מכ/376",3114,הסתיים
"תב""ע מכ/384",3113,הסתיים
"תב""ע מכ/9א' (חחכורות)",3126,הסתיים
תדיר גן - עפולה,146,הסתיים
"תוס' לבי""ס מורשה - פ""ח",3342,הסתיים
תוספת כיתה בנופית,3914,הסתיים
"תוספת לבי""ס מורשה",209,הסתיים
תוספת קומות משרדי ממשלה ראשלצ,893,הסתיים
תוצרת הארץ אפיקים בנגב,5126,הסתיים
תחנת דלק - טייבה,390,הסתיים
תחנת דלק עד הלום,5191,הסתיים
תחנת רכבת אופקים,7032,הסתיים
תחנת רכבת מזכרת בתיה,7072,הסתיים
תחנת שאיבה - צ'ק פוסט צפון,3819,הסתיים
תחנת שאיבה אום אל פחם,3354,הסתיים
תכנית אב רכבת – מתחם לוד,670,הסתיים
תל השומר - משרדים,330,הסתיים
"תמ""א 38",596,הסתיים
"תמ""א 47 - ירקון ",1109,הסתיים
"תמ""א 47 - צפון מערב",1110,הסתיים
תמא 47 - אילון,1168,הסתיים
תמא 48/1 - הוד השרון,986,הסתיים
תמך 1 - ניהול תכנון,1098,הסתיים
תנובות 61 - ביצוע,1116,הסתיים
תשתיות בני ברק,706,הסתיים
תת קרקע ירושלים - תכנית אב,357,הסתיים
